-- MySQL dump 10.13  Distrib 8.0.44, for Linux (x86_64)
--
-- Host: localhost    Database: JdV_web
-- ------------------------------------------------------
-- Server version	8.0.44-0ubuntu0.24.04.2

/*!40101 SET @OLD_CHARACTER_SET_CLIENT=@@CHARACTER_SET_CLIENT */;
/*!40101 SET @OLD_CHARACTER_SET_RESULTS=@@CHARACTER_SET_RESULTS */;
/*!40101 SET @OLD_COLLATION_CONNECTION=@@COLLATION_CONNECTION */;
/*!50503 SET NAMES utf8mb4 */;
/*!40103 SET @OLD_TIME_ZONE=@@TIME_ZONE */;
/*!40103 SET TIME_ZONE='+00:00' */;
/*!40014 SET @OLD_UNIQUE_CHECKS=@@UNIQUE_CHECKS, UNIQUE_CHECKS=0 */;
/*!40014 SET @OLD_FOREIGN_KEY_CHECKS=@@FOREIGN_KEY_CHECKS, FOREIGN_KEY_CHECKS=0 */;
/*!40101 SET @OLD_SQL_MODE=@@SQL_MODE, SQL_MODE='NO_AUTO_VALUE_ON_ZERO' */;
/*!40111 SET @OLD_SQL_NOTES=@@SQL_NOTES, SQL_NOTES=0 */;

--
-- Table structure for table `Cargo`
--

DROP TABLE IF EXISTS `Cargo`;
/*!40101 SET @saved_cs_client     = @@character_set_client */;
/*!50503 SET character_set_client = utf8mb4 */;
CREATE TABLE `Cargo` (
  `Carg_ID` int NOT NULL AUTO_INCREMENT,
  `Carg_Nombre` varchar(45) DEFAULT NULL,
  PRIMARY KEY (`Carg_ID`)
) ENGINE=InnoDB AUTO_INCREMENT=3 DEFAULT CHARSET=utf8mb4 COLLATE=utf8mb4_0900_ai_ci;
/*!40101 SET character_set_client = @saved_cs_client */;

--
-- Dumping data for table `Cargo`
--

LOCK TABLES `Cargo` WRITE;
/*!40000 ALTER TABLE `Cargo` DISABLE KEYS */;
INSERT INTO `Cargo` VALUES (1,'VECINO'),(2,'PRESIDENTE');
/*!40000 ALTER TABLE `Cargo` ENABLE KEYS */;
UNLOCK TABLES;

--
-- Table structure for table `Ciudad`
--

DROP TABLE IF EXISTS `Ciudad`;
/*!40101 SET @saved_cs_client     = @@character_set_client */;
/*!50503 SET character_set_client = utf8mb4 */;
CREATE TABLE `Ciudad` (
  `Ciud_ID` int NOT NULL AUTO_INCREMENT,
  `Ciud_Nombre` varchar(50) DEFAULT NULL,
  `Ciud_CUT` int DEFAULT NULL,
  `Provincia_Prov_ID` int NOT NULL,
  PRIMARY KEY (`Ciud_ID`),
  KEY `fk_Ciudad_Provincia1_idx` (`Provincia_Prov_ID`),
  CONSTRAINT `fk_Ciudad_Provincia1` FOREIGN KEY (`Provincia_Prov_ID`) REFERENCES `Provincia` (`Prov_ID`)
) ENGINE=InnoDB AUTO_INCREMENT=347 DEFAULT CHARSET=utf8mb3;
/*!40101 SET character_set_client = @saved_cs_client */;

--
-- Dumping data for table `Ciudad`
--

LOCK TABLES `Ciudad` WRITE;
/*!40000 ALTER TABLE `Ciudad` DISABLE KEYS */;
INSERT INTO `Ciudad` VALUES (1,'ARICA',15101,1),(2,'CAMARONES',15102,1),(3,'PUTRE',15201,2),(4,'GENERAL LAGOS',15202,2),(5,'IQUIQUE',1101,3),(6,'ALTO HOSPICIO',1107,3),(7,'POZO ALMONTE',1401,4),(8,'CAMIÑA',1402,4),(9,'COLCHANE',1403,4),(10,'HUARA',1404,4),(11,'PICA',1405,4),(12,'ANTOFAGASTA',2101,5),(13,'MEJILLONES',2102,5),(14,'SIERRA GORDA',2103,5),(15,'TALTAL',2104,5),(16,'CALAMA',2201,6),(17,'OLLAGÜE',2202,6),(18,'SAN PEDRO DE ATACAMA',2203,6),(19,'TOCOPILLA',2301,7),(20,'MARÍA ELENA',2302,7),(21,'COPIAPÓ',3101,8),(22,'CALDERA',3102,8),(23,'TIERRA AMARILLA',3103,8),(24,'CHAÑARAL',3201,9),(25,'DIEGO DE ALMAGRO',3202,9),(26,'VALLENAR',3301,10),(27,'ALTO DEL CARMEN',3302,10),(28,'FREIRINA',3303,10),(29,'HUASCO',3304,10),(30,'LA SERENA',4101,11),(31,'COQUIMBO',4102,11),(32,'ANDACOLLO',4103,11),(33,'LA HIGUERA',4104,11),(34,'PAIGUANO',4105,11),(35,'VICUÑA',4106,11),(36,'ILLAPEL',4201,12),(37,'CANELA',4202,12),(38,'LOS VILOS',4203,12),(39,'SALAMANCA',4204,12),(40,'OVALLE',4301,13),(41,'COMBARBALÁ',4302,13),(42,'MONTE PATRIA',4303,13),(43,'PUNITAQUI',4304,13),(44,'RÍO HURTADO',4305,13),(45,'VALPARAÍSO',5101,14),(46,'CASABLANCA',5102,14),(47,'CONCÓN',5103,14),(48,'JUAN FERNÁNDEZ',5104,14),(49,'PUCHUNCAVÍ',5105,14),(50,'QUINTERO',5107,14),(51,'VIÑA DEL MAR',5109,14),(52,'ISLA DE PASCUA',5201,15),(53,'LOS ANDES',5301,16),(54,'CALLE LARGA',5302,16),(55,'RINCONADA',5303,16),(56,'SAN ESTEBAN',5304,16),(57,'LA LIGUA',5401,17),(58,'CABILDO',5402,17),(59,'PAPUDO',5403,17),(60,'PETORCA',5404,17),(61,'ZAPALLAR',5405,17),(62,'QUILLOTA',5501,18),(63,'CALERA',5502,18),(64,'HIJUELAS',5503,18),(65,'LA CRUZ',5504,18),(66,'NOGALES',5506,18),(67,'SAN ANTONIO',5601,19),(68,'ALGARROBO',5602,19),(69,'CARTAGENA',5603,19),(70,'EL QUISCO',5604,19),(71,'EL TABO',5605,19),(72,'SANTO DOMINGO',5606,19),(73,'SAN FELIPE',5701,20),(74,'CATEMU',5702,20),(75,'LLAILLAY',5703,20),(76,'PANQUEHUE',5704,20),(77,'PUTAENDO',5705,20),(78,'SANTA MARÍA',5706,20),(79,'QUILPUÉ',5801,21),(80,'LIMACHE',5802,21),(81,'OLMUÉ',5803,21),(82,'VILLA ALEMANA',5804,21),(83,'RANCAGUA',6101,22),(84,'CODEGUA',6102,22),(85,'COINCO',6103,22),(86,'COLTAUCO',6104,22),(87,'DOÑIHUE',6105,22),(88,'GRANEROS',6106,22),(89,'LAS CABRAS',6107,22),(90,'MACHALÍ',6108,22),(91,'MALLOA',6109,22),(92,'MOSTAZAL',6110,22),(93,'OLIVAR',6111,22),(94,'PEUMO',6112,22),(95,'PICHIDEGUA',6113,22),(96,'QUINTA DE TILCOCO',6114,22),(97,'RENGO',6115,22),(98,'REQUÍNOA',6116,22),(99,'SAN VICENTE',6117,22),(100,'PICHILEMU',6201,23),(101,'LA ESTRELLA',6202,23),(102,'LITUECHE',6203,23),(103,'MARCHIHUE',6204,23),(104,'NAVIDAD',6205,23),(105,'PAREDONES',6206,23),(106,'SAN FERNANDO',6301,24),(107,'CHÉPICA',6302,24),(108,'CHIMBARONGO',6303,24),(109,'LOLOL',6304,24),(110,'NANCAGUA',6305,24),(111,'PALMILLA',6306,24),(112,'PERALILLO',6307,24),(113,'PLACILLA',6308,24),(114,'PUMANQUE',6309,24),(115,'SANTA CRUZ',6310,24),(116,'TALCA',7101,25),(117,'CONSTITUCIÓN',7102,25),(118,'CUREPTO',7103,25),(119,'EMPEDRADO',7104,25),(120,'MAULE',7105,25),(121,'PELARCO',7106,25),(122,'PENCAHUE',7107,25),(123,'RÍO CLARO',7108,25),(124,'SAN CLEMENTE',7109,25),(125,'SAN RAFAEL',7110,25),(126,'CAUQUENES',7201,26),(127,'CHANCO',7202,26),(128,'PELLUHUE',7203,26),(129,'CURICÓ',7301,27),(130,'HUALAÑÉ',7302,27),(131,'LICANTÉN',7303,27),(132,'MOLINA',7304,27),(133,'RAUCO',7305,27),(134,'ROMERAL',7306,27),(135,'SAGRADA FAMILIA',7307,27),(136,'TENO',7308,27),(137,'VICHUQUÉN',7309,27),(138,'LINARES',7401,28),(139,'COLBÚN',7402,28),(140,'LONGAVÍ',7403,28),(141,'PARRAL',7404,28),(142,'RETIRO',7405,28),(143,'SAN JAVIER',7406,28),(144,'VILLA ALEGRE',7407,28),(145,'YERBAS BUENAS',7408,28),(146,'CONCEPCIÓN',8101,29),(147,'CORONEL',8102,29),(148,'CHIGUAYANTE',8103,29),(149,'FLORIDA',8104,29),(150,'HUALQUI',8105,29),(151,'LOTA',8106,29),(152,'PENCO',8107,29),(153,'SAN PEDRO DE LA PAZ',8108,29),(154,'SANTA JUANA',8109,29),(155,'TALCAHUANO',8110,29),(156,'TOMÉ',8111,29),(157,'HUALPÉN',8112,29),(158,'LEBU',8201,30),(159,'ARAUCO',8202,30),(160,'CAÑETE',8203,30),(161,'CONTULMO',8204,30),(162,'CURANILAHUE',8205,30),(163,'LOS ÁLAMOS',8206,30),(164,'TIRÚA',8207,30),(165,'LOS ÁNGELES',8301,31),(166,'ANTUCO',8302,31),(167,'CABRERO',8303,31),(168,'LAJA',8304,31),(169,'MULCHÉN',8305,31),(170,'NACIMIENTO',8306,31),(171,'NEGRETE',8307,31),(172,'QUILACO',8308,31),(173,'QUILLECO',8309,31),(174,'SAN ROSENDO',8310,31),(175,'SANTA BÁRBARA',8311,31),(176,'TUCAPEL',8312,31),(177,'YUMBEL',8313,31),(178,'ALTO BIOBÍO',8314,31),(179,'CHILLÁN',8401,32),(180,'BULNES',8402,32),(181,'COBQUECURA',8403,32),(182,'COELEMU',8404,32),(183,'COIHUECO',8405,32),(184,'CHILLÁN VIEJO',8406,32),(185,'EL CARMEN',8407,32),(186,'NINHUE',8408,32),(187,'ÑIQUÉN',8409,32),(188,'PEMUCO',8410,32),(189,'PINTO',8411,32),(190,'PORTEZUELO',8412,32),(191,'QUILLÓN',8413,32),(192,'QUIRIHUE',8414,32),(193,'RÁNQUIL',8415,32),(194,'SAN CARLOS',8416,32),(195,'SAN FABIÁN',8417,32),(196,'SAN IGNACIO',8418,32),(197,'SAN NICOLÁS',8419,32),(198,'TREGUACO',8420,32),(199,'YUNGAY',8421,32),(200,'TEMUCO',9101,33),(201,'CARAHUE',9102,33),(202,'CUNCO',9103,33),(203,'CURARREHUE',9104,33),(204,'FREIRE',9105,33),(205,'GALVARINO',9106,33),(206,'GORBEA',9107,33),(207,'LAUTARO',9108,33),(208,'LONCOCHE',9109,33),(209,'MELIPEUCO',9110,33),(210,'NUEVA IMPERIAL',9111,33),(211,'PADRE LAS CASAS',9112,33),(212,'PERQUENCO',9113,33),(213,'PITRUFQUÉN',9114,33),(214,'PUCÓN',9115,33),(215,'SAAVEDRA',9116,33),(216,'TEODORO SCHMIDT',9117,33),(217,'TOLTÉN',9118,33),(218,'VILCÚN',9119,33),(219,'VILLARRICA',9120,33),(220,'CHOLCHOL',9121,33),(221,'ANGOL',9201,34),(222,'COLLIPULLI',9202,34),(223,'CURACAUTÍN',9203,34),(224,'ERCILLA',9204,34),(225,'LONQUIMAY',9205,34),(226,'LOS SAUCES',9206,34),(227,'LUMACO',9207,34),(228,'PURÉN',9208,34),(229,'RENAICO',9209,34),(230,'TRAIGUÉN',9210,34),(231,'VICTORIA',9211,34),(232,'VALDIVIA',14101,35),(233,'CORRAL',14102,35),(234,'LANCO',14103,35),(235,'LOS LAGOS',14104,35),(236,'MÁFIL',14105,35),(237,'MARIQUINA',14106,35),(238,'PAILLACO',14107,35),(239,'PANGUIPULLI',14108,35),(240,'LA UNIÓN',14201,36),(241,'FUTRONO',14202,36),(242,'LAGO RANCO',14203,36),(243,'RÍO BUENO',14204,36),(244,'PUERTO MONTT',10101,37),(245,'CALBUCO',10102,37),(246,'COCHAMÓ',10103,37),(247,'FRESIA',10104,37),(248,'FRUTILLAR',10105,37),(249,'LOS MUERMOS',10106,37),(250,'LLANQUIHUE',10107,37),(251,'MAULLÍN',10108,37),(252,'PUERTO VARAS',10109,37),(253,'CASTRO',10201,38),(254,'ANCUD',10202,38),(255,'CHONCHI',10203,38),(256,'CURACO DE VÉLEZ',10204,38),(257,'DALCAHUE',10205,38),(258,'PUQUELDÓN',10206,38),(259,'QUEILÉN',10207,38),(260,'QUELLÓN',10208,38),(261,'QUEMCHI',10209,38),(262,'QUINCHAO',10210,38),(263,'OSORNO',10301,39),(264,'PUERTO OCTAY',10302,39),(265,'PURRANQUE',10303,39),(266,'PUYEHUE',10304,39),(267,'RÍO NEGRO',10305,39),(268,'SAN JUAN DE LA COSTA',10306,39),(269,'SAN PABLO',10307,39),(270,'CHAITÉN',10401,40),(271,'FUTALEUFÚ',10402,40),(272,'HUALAIHUÉ',10403,40),(273,'PALENA',10404,40),(274,'COYHAIQUE',11101,41),(275,'LAGO VERDE',11102,41),(276,'AYSÉN',11201,42),(277,'CISNES',11202,42),(278,'GUAITECAS',11203,42),(279,'COCHRANE',11301,43),(280,'O’HIGGINS',11302,43),(281,'TORTEL',11303,43),(282,'CHILE CHICO',11401,44),(283,'RÍO IBÁÑEZ',11402,44),(284,'PUNTA ARENAS',12101,45),(285,'LAGUNA BLANCA',12102,45),(286,'RÍO VERDE',12103,45),(287,'SAN GREGORIO',12104,45),(288,'CABO DE HORNOS (EX - NAVARINO)',12201,46),(289,'ANTÁRTICA',12202,46),(290,'PORVENIR',12301,47),(291,'PRIMAVERA',12302,47),(292,'TIMAUKEL',12303,47),(293,'NATALES',12401,48),(294,'TORRES DEL PAINE',12402,48),(295,'SANTIAGO',13101,49),(296,'CERRILLOS',13102,49),(297,'CERRO NAVIA',13103,49),(298,'CONCHALÍ',13104,49),(299,'EL BOSQUE',13105,49),(300,'ESTACIÓN CENTRAL',13106,49),(301,'HUECHURABA',13107,49),(302,'INDEPENDENCIA',13108,49),(303,'LA CISTERNA',13109,49),(304,'LA FLORIDA',13110,49),(305,'LA GRANJA',13111,49),(306,'LA PINTANA',13112,49),(307,'LA REINA',13113,49),(308,'LAS CONDES',13114,49),(309,'LO BARNECHEA',13115,49),(310,'LO ESPEJO',13116,49),(311,'LO PRADO',13117,49),(312,'MACUL',13118,49),(313,'MAIPÚ',13119,49),(314,'ÑUÑOA',13120,49),(315,'PEDRO AGUIRRE CERDA',13121,49),(316,'PEÑALOLÉN',13122,49),(317,'PROVIDENCIA',13123,49),(318,'PUDAHUEL',13124,49),(319,'QUILICURA',13125,49),(320,'QUINTA NORMAL',13126,49),(321,'RECOLETA',13127,49),(322,'RENCA',13128,49),(323,'SAN JOAQUÍN',13129,49),(324,'SAN MIGUEL',13130,49),(325,'SAN RAMÓN',13131,49),(326,'VITACURA',13132,49),(327,'PUENTE ALTO',13201,50),(328,'PIRQUE',13202,50),(329,'SAN JOSÉ DE MAIPO',13203,50),(330,'COLINA',13301,51),(331,'LAMPA',13302,51),(332,'TILTIL',13303,51),(333,'SAN BERNARDO',13401,52),(334,'BUIN',13402,52),(335,'CALERA DE TANGO',13403,52),(336,'PAINE',13404,52),(337,'MELIPILLA',13501,53),(338,'ALHUÉ',13502,53),(339,'CURACAVÍ',13503,53),(340,'MARÍA PINTO',13504,53),(341,'SAN PEDRO',13505,53),(342,'TALAGANTE',13601,54),(343,'EL MONTE',13602,54),(344,'ISLA DE MAIPO',13603,54),(345,'PADRE HURTADO',13604,54),(346,'PEÑAFLOR',13605,54);
/*!40000 ALTER TABLE `Ciudad` ENABLE KEYS */;
UNLOCK TABLES;

--
-- Table structure for table `JuntaDeVecinos`
--

DROP TABLE IF EXISTS `JuntaDeVecinos`;
/*!40101 SET @saved_cs_client     = @@character_set_client */;
/*!50503 SET character_set_client = utf8mb4 */;
CREATE TABLE `JuntaDeVecinos` (
  `JdV_ID` int NOT NULL AUTO_INCREMENT,
  `JdV_Nombre` varchar(50) DEFAULT NULL,
  `JdV_RUT` varchar(8) DEFAULT NULL,
  `JdV_DV` varchar(1) DEFAULT NULL,
  `JdV_Direccion` varchar(100) DEFAULT NULL,
  `Ciudad_Ciud_ID` int NOT NULL,
  PRIMARY KEY (`JdV_ID`),
  UNIQUE KEY `Titu_RUT_UNIQUE` (`JdV_RUT`),
  KEY `fk_Titular_Ciudad1_idx` (`Ciudad_Ciud_ID`),
  CONSTRAINT `fk_Titular_Ciudad1` FOREIGN KEY (`Ciudad_Ciud_ID`) REFERENCES `Ciudad` (`Ciud_ID`)
) ENGINE=InnoDB AUTO_INCREMENT=22728 DEFAULT CHARSET=utf8mb3;
/*!40101 SET character_set_client = @saved_cs_client */;

--
-- Dumping data for table `JuntaDeVecinos`
--

LOCK TABLES `JuntaDeVecinos` WRITE;
/*!40000 ALTER TABLE `JuntaDeVecinos` DISABLE KEYS */;
INSERT INTO `JuntaDeVecinos` VALUES (1,'CHIMBARONGO CENTRO','11111111','1','JAVIERA CARRERA 123',163);
/*!40000 ALTER TABLE `JuntaDeVecinos` ENABLE KEYS */;
UNLOCK TABLES;

--
-- Table structure for table `Miembro`
--

DROP TABLE IF EXISTS `Miembro`;
/*!40101 SET @saved_cs_client     = @@character_set_client */;
/*!50503 SET character_set_client = utf8mb4 */;
CREATE TABLE `Miembro` (
  `Miem_ID` int NOT NULL AUTO_INCREMENT,
  `JuntaDeVecinos_JdV_ID` int NOT NULL,
  `User_User_ID` int NOT NULL,
  `Cargo_Carg_ID` int NOT NULL,
  PRIMARY KEY (`Miem_ID`),
  KEY `fk_Miembro_JuntaDeVecinos1_idx` (`JuntaDeVecinos_JdV_ID`),
  KEY `fk_Miembro_User1_idx` (`User_User_ID`),
  KEY `fk_Miembro_Cargo1_idx` (`Cargo_Carg_ID`),
  CONSTRAINT `fk_Miembro_Cargo1` FOREIGN KEY (`Cargo_Carg_ID`) REFERENCES `Cargo` (`Carg_ID`),
  CONSTRAINT `fk_Miembro_JuntaDeVecinos1` FOREIGN KEY (`JuntaDeVecinos_JdV_ID`) REFERENCES `JuntaDeVecinos` (`JdV_ID`),
  CONSTRAINT `fk_Miembro_User1` FOREIGN KEY (`User_User_ID`) REFERENCES `User` (`User_ID`)
) ENGINE=InnoDB AUTO_INCREMENT=3 DEFAULT CHARSET=utf8mb4 COLLATE=utf8mb4_0900_ai_ci;
/*!40101 SET character_set_client = @saved_cs_client */;

--
-- Dumping data for table `Miembro`
--

LOCK TABLES `Miembro` WRITE;
/*!40000 ALTER TABLE `Miembro` DISABLE KEYS */;
INSERT INTO `Miembro` VALUES (2,1,1,1);
/*!40000 ALTER TABLE `Miembro` ENABLE KEYS */;
UNLOCK TABLES;

--
-- Table structure for table `Pais`
--

DROP TABLE IF EXISTS `Pais`;
/*!40101 SET @saved_cs_client     = @@character_set_client */;
/*!50503 SET character_set_client = utf8mb4 */;
CREATE TABLE `Pais` (
  `Pais_ID` int NOT NULL AUTO_INCREMENT,
  `Pais_Nombre` varchar(50) DEFAULT NULL,
  `Pais_Codigo` varchar(2) DEFAULT NULL,
  `Pais_Nombre_Ingles` varchar(50) DEFAULT NULL,
  PRIMARY KEY (`Pais_ID`)
) ENGINE=InnoDB AUTO_INCREMENT=250 DEFAULT CHARSET=utf8mb3;
/*!40101 SET character_set_client = @saved_cs_client */;

--
-- Dumping data for table `Pais`
--

LOCK TABLES `Pais` WRITE;
/*!40000 ALTER TABLE `Pais` DISABLE KEYS */;
INSERT INTO `Pais` VALUES (1,'AFGANISTÁN','AF','AFGHANISTAN'),(2,'ÅLAND, ISLAS','AX','ÅLAND ISLANDS'),(3,'ALBANIA','AL','ALBANIA'),(4,'ARGELIA','DZ','ALGERIA'),(5,'SAMOA AMERICANA','AS','AMERICAN SAMOA'),(6,'ANDORRA','AD','ANDORRA'),(7,'ANGOLA','AO','ANGOLA'),(8,'ANGUILA','AI','ANGUILLA'),(9,'ANTÁRTIDA','AQ','ANTARCTICA'),(10,'ANTIGUA Y BARBUDA','AG','ANTIGUA AND BARBUDA'),(11,'ARGENTINA','AR','ARGENTINA'),(12,'ARMENIA','AM','ARMENIA'),(13,'ARUBA','AW','ARUBA'),(14,'AUSTRALIA','AU','AUSTRALIA'),(15,'AUSTRIA','AT','AUSTRIA'),(16,'AZERBAIYÁN','AZ','AZERBAIJAN'),(17,'BAHAMAS (LAS)','BS','BAHAMAS'),(18,'BAHREIN','BH','BAHRAIN'),(19,'BANGLADESH','BD','BANGLADESH'),(20,'BARBADOS','BB','BARBADOS'),(21,'BELARÚS','BY','BELARUS'),(22,'BÉLGICA','BE','BELGIUM'),(23,'BELICE','BZ','BELIZE'),(24,'BENIN','BJ','BENIN'),(25,'BERMUDAS','BM','BERMUDA'),(26,'BHUTÁN','BT','BHUTAN'),(27,'BOLIVIA (ESTADO PLURINACIONAL DE)','BO','BOLIVIA (PLURINATIONAL STATE OF)'),(28,'BONAIRE, SAN EUSTAQUIO Y SABA','BQ','BONAIRE, SINT EUSTATIUS AND SABA'),(29,'BOSNIA Y HERZEGOVINA','BA','BOSNIA AND HERZEGOVINA'),(30,'BOTSWANA','BW','BOTSWANA'),(31,'BOUVET, ISLA','BV','BOUVET ISLAND'),(32,'BRASIL','BR','BRAZIL'),(33,'TERRITORIO BRITÁNICO DEL OCÉANO ÍNDICO (EL)','IO','BRITISH INDIAN OCEAN TERRITORY'),(34,'BRUNEI DARUSSALAM','BN','BRUNEI DARUSSALAM'),(35,'BULGARIA','BG','BULGARIA'),(36,'BURKINA FASO','BF','BURKINA FASO'),(37,'BURUNDI','BI','BURUNDI'),(38,'CABO VERDE','CV','CABO VERDE'),(39,'CAMBOYA','KH','CAMBODIA'),(40,'CAMERÚN','CM','CAMEROON'),(41,'CANADÁ','CA','CANADA'),(42,'CAIMÁN, (LAS) ISLAS','KY','CAYMAN ISLANDS'),(43,'REPÚBLICA CENTROAFRICANA (LA)','CF','CENTRAL AFRICAN REPUBLIC'),(44,'CHAD','TD','CHAD'),(45,'CHILE','CL','CHILE'),(46,'CHINA','CN','CHINA'),(47,'NAVIDAD, ISLA DE','CX','CHRISTMAS ISLAND'),(48,'COCOS / KEELING, (LAS) ISLAS','CC','COCOS (KEELING) ISLANDS'),(49,'COLOMBIA','CO','COLOMBIA'),(50,'COMORAS (LAS)','KM','COMOROS'),(51,'CONGO (EL)','CG','CONGO'),(52,'CONGO (LA REPÚBLICA DEMOCRÁTICA DEL)','CD','CONGO (DEMOCRATIC REPUBLIC OF THE)'),(53,'COOK, (LAS) ISLAS','CK','COOK ISLANDS'),(54,'COSTA RICA','CR','COSTA RICA'),(55,'CÔTE DIVOIRE','CI','CÔTE DIVOIRE'),(56,'CROACIA','HR','CROATIA'),(57,'CUBA','CU','CUBA'),(58,'CURAÇAO','CW','CURAÇAO'),(59,'CHIPRE','CY','CYPRUS'),(60,'REPÚBLICA CHECA (LA)','CZ','CZECH REPUBLIC'),(61,'DINAMARCA','DK','DENMARK'),(62,'DJIBOUTI','DJ','DJIBOUTI'),(63,'DOMINICA','DM','DOMINICA'),(64,'DOMINICANA, (LA) REPÚBLICA','DO','DOMINICAN REPUBLIC'),(65,'ECUADOR','EC','ECUADOR'),(66,'EGIPTO','EG','EGYPT'),(67,'EL SALVADOR','SV','EL SALVADOR'),(68,'GUINEA ECUATORIAL','GQ','EQUATORIAL GUINEA'),(69,'ERITREA','ER','ERITREA'),(70,'ESTONIA','EE','ESTONIA'),(71,'ETIOPÍA','ET','ETHIOPIA'),(72,'MALVINAS [FALKLAND], (LAS) ISLAS','FK','FALKLAND ISLANDS (MALVINAS)'),(73,'FEROE, (LAS) ISLAS','FO','FAROE ISLANDS'),(74,'FIJI','FJ','FIJI'),(75,'FINLANDIA','FI','FINLAND'),(76,'FRANCIA','FR','FRANCE'),(77,'GUAYANA FRANCESA','GF','FRENCH GUIANA'),(78,'POLINESIA FRANCESA','PF','FRENCH POLYNESIA'),(79,'TIERRAS AUSTRALES FRANCESAS (LAS)','TF','FRENCH SOUTHERN TERRITORIES'),(80,'GABÓN','GA','GABON'),(81,'GAMBIA (LA)','GM','GAMBIA'),(82,'GEORGIA','GE','GEORGIA'),(83,'ALEMANIA','DE','GERMANY'),(84,'GHANA','GH','GHANA'),(85,'GIBRALTAR','GI','GIBRALTAR'),(86,'GRECIA','GR','GREECE'),(87,'GROENLANDIA','GL','GREENLAND'),(88,'GRANADA','GD','GRENADA'),(89,'GUADELOUPE','GP','GUADELOUPE'),(90,'GUAM','GU','GUAM'),(91,'GUATEMALA','GT','GUATEMALA'),(92,'GUERNSEY','GG','GUERNSEY'),(93,'GUINEA','GN','GUINEA'),(94,'GUINEA BISSAU','GW','GUINEA-BISSAU'),(95,'GUYANA','GY','GUYANA'),(96,'HAITÍ','HT','HAITI'),(97,'HEARD (ISLA) E ISLAS MCDONALD','HM','HEARD ISLAND AND MCDONALD ISLANDS'),(98,'SANTA SEDE (LA)','VA','HOLY SEE'),(99,'HONDURAS','HN','HONDURAS'),(100,'HONG KONG','HK','HONG KONG'),(101,'HUNGRÍA','HU','HUNGARY'),(102,'ISLANDIA','IS','ICELAND'),(103,'INDIA','IN','INDIA'),(104,'INDONESIA','ID','INDONESIA'),(105,'IRÁN (REPÚBLICA ISLÁMICA DE)','IR','IRAN (ISLAMIC REPUBLIC OF)'),(106,'IRAQ','IQ','IRAQ'),(107,'IRLANDA','IE','IRELAND'),(108,'ISLA DE MAN','IM','ISLE OF MAN'),(109,'ISRAEL','IL','ISRAEL'),(110,'ITALIA','IT','ITALY'),(111,'JAMAICA','JM','JAMAICA'),(112,'JAPÓN','JP','JAPAN'),(113,'JERSEY','JE','JERSEY'),(114,'JORDANIA','JO','JORDAN'),(115,'KAZAJSTÁN','KZ','KAZAKHSTAN'),(116,'KENYA','KE','KENYA'),(117,'KIRIBATI','KI','KIRIBATI'),(118,'COREA (LA REPÚBLICA POPULAR DEMOCRÁTICA DE)','KP','KOREA (DEMOCRATIC PEOPLES REPUBLIC OF)'),(119,'COREA (LA REPÚBLICA DE)','KR','KOREA (REPUBLIC OF)'),(120,'KUWAIT','KW','KUWAIT'),(121,'KIRGUISTÁN','KG','KYRGYZSTAN'),(122,'LAO, (LA) REPÚBLICA DEMOCRÁTICA POPULAR','LA','LAO PEOPLES DEMOCRATIC REPUBLIC'),(123,'LETONIA','LV','LATVIA'),(124,'LÍBANO','LB','LEBANON'),(125,'LESOTHO','LS','LESOTHO'),(126,'LIBERIA','LR','LIBERIA'),(127,'LIBIA','LY','LIBYA'),(128,'LIECHTENSTEIN','LI','LIECHTENSTEIN'),(129,'LITUANIA','LT','LITHUANIA'),(130,'LUXEMBURGO','LU','LUXEMBOURG'),(131,'MACAO','MO','MACAO'),(132,'MACEDONIA (LA EX REPÚBLICA YUGOSLAVA DE)','MK','MACEDONIA (THE FORMER YUGOSLAV REPUBLIC OF)'),(133,'MADAGASCAR','MG','MADAGASCAR'),(134,'MALAWI','MW','MALAWI'),(135,'MALASIA','MY','MALAYSIA'),(136,'MALDIVAS','MV','MALDIVES'),(137,'MALÍ','ML','MALI'),(138,'MALTA','MT','MALTA'),(139,'MARSHALL, (LAS) ISLAS','MH','MARSHALL ISLANDS'),(140,'MARTINIQUE','MQ','MARTINIQUE'),(141,'MAURITANIA','MR','MAURITANIA'),(142,'MAURICIO','MU','MAURITIUS'),(143,'MAYOTTE','YT','MAYOTTE'),(144,'MÉXICO','MX','MEXICO'),(145,'MICRONESIA (ESTADOS FEDERADOS DE)','FM','MICRONESIA (FEDERATED STATES OF)'),(146,'MOLDOVA (LA REPÚBLICA DE)','MD','MOLDOVA (REPUBLIC OF)'),(147,'MÓNACO','MC','MONACO'),(148,'MONGOLIA','MN','MONGOLIA'),(149,'MONTENEGRO','ME','MONTENEGRO'),(150,'MONTSERRAT','MS','MONTSERRAT'),(151,'MARRUECOS','MA','MOROCCO'),(152,'MOZAMBIQUE','MZ','MOZAMBIQUE'),(153,'MYANMAR','MM','MYANMAR'),(154,'NAMIBIA','NA','NAMIBIA'),(155,'NAURU','NR','NAURU'),(156,'NEPAL','NP','NEPAL'),(157,'PAÍSES BAJOS (LOS)','NL','NETHERLANDS'),(158,'NUEVA CALEDONIA','NC','NEW CALEDONIA'),(159,'NUEVA ZELANDIA','NZ','NEW ZEALAND'),(160,'NICARAGUA','NI','NICARAGUA'),(161,'NÍGER (EL)','NE','NIGER'),(162,'NIGERIA','NG','NIGERIA'),(163,'NIUE','NU','NIUE'),(164,'NORFOLK, ISLA','NF','NORFOLK ISLAND'),(165,'MARIANAS DEL NORTE, (LAS) ISLAS','MP','NORTHERN MARIANA ISLANDS'),(166,'NORUEGA','NO','NORWAY'),(167,'OMÁN','OM','OMAN'),(168,'PAKISTÁN','PK','PAKISTAN'),(169,'PALAU','PW','PALAU'),(170,'PALESTINA, ESTADO DE','PS','PALESTINE, STATE OF'),(171,'PANAMÁ','PA','PANAMA'),(172,'PAPUA NUEVA GUINEA','PG','PAPUA NEW GUINEA'),(173,'PARAGUAY','PY','PARAGUAY'),(174,'PERÚ','PE','PERU'),(175,'FILIPINAS (LAS)','PH','PHILIPPINES'),(176,'PITCAIRN','PN','PITCAIRN'),(177,'POLONIA','PL','POLAND'),(178,'PORTUGAL','PT','PORTUGAL'),(179,'PUERTO RICO','PR','PUERTO RICO'),(180,'QATAR','QA','QATAR'),(181,'REUNIÓN','RE','RÉUNION'),(182,'RUMANIA','RO','ROMANIA'),(183,'RUSIA, (LA) FEDERACIÓN DE','RU','RUSSIAN FEDERATION'),(184,'RWANDA','RW','RWANDA'),(185,'SAINT BARTHÉLEMY','BL','SAINT BARTHÉLEMY'),(186,'SANTA HELENA, ASCENSIÓN Y TRISTÁN DE ACUÑA','SH','SAINT HELENA, ASCENSION AND TRISTAN DA CUNHA'),(187,'SAINT KITTS Y NEVIS','KN','SAINT KITTS AND NEVIS'),(188,'SANTA LUCÍA','LC','SAINT LUCIA'),(189,'SAINT MARTIN (PARTE FRANCESA)','MF','SAINT MARTIN (FRENCH PART)'),(190,'SAN PEDRO Y MIQUELÓN','PM','SAINT PIERRE AND MIQUELON'),(191,'SAN VICENTE Y LAS GRANADINAS','VC','SAINT VINCENT AND THE GRENADINES'),(192,'SAMOA','WS','SAMOA'),(193,'SAN MARINO','SM','SAN MARINO'),(194,'SANTO TOMÉ Y PRÍNCIPE','ST','SAO TOME AND PRINCIPE'),(195,'ARABIA SAUDITA','SA','SAUDI ARABIA'),(196,'SENEGAL','SN','SENEGAL'),(197,'SERBIA','RS','SERBIA'),(198,'SEYCHELLES','SC','SEYCHELLES'),(199,'SIERRA LEONA','SL','SIERRA LEONE'),(200,'SINGAPUR','SG','SINGAPORE'),(201,'SINT MAARTEN (PARTE NEERLANDESA)','SX','SINT MAARTEN (DUTCH PART)'),(202,'ESLOVAQUIA','SK','SLOVAKIA'),(203,'ESLOVENIA','SI','SLOVENIA'),(204,'SALOMÓN, ISLAS','SB','SOLOMON ISLANDS'),(205,'SOMALIA','SO','SOMALIA'),(206,'SUDÁFRICA','ZA','SOUTH AFRICA'),(207,'GEORGIA DEL SUR (LA) Y LAS ISLAS SANDWICH DEL SUR','GS','SOUTH GEORGIA AND THE SOUTH SANDWICH ISLANDS'),(208,'SUDÁN DEL SUR','SS','SOUTH SUDAN'),(209,'ESPAÑA','ES','SPAIN'),(210,'SRI LANKA','LK','SRI LANKA'),(211,'SUDÁN (EL)','SD','SUDAN'),(212,'SURINAME','SR','SURINAME'),(213,'SVALBARD Y JAN MAYEN','SJ','SVALBARD AND JAN MAYEN'),(214,'SWAZILANDIA','SZ','SWAZILAND'),(215,'SUECIA','SE','SWEDEN'),(216,'SUIZA','CH','SWITZERLAND'),(217,'REPÚBLICA ÁRABE SIRIA','SY','SYRIAN ARAB REPUBLIC'),(218,'TAIWÁN (PROVINCIA DE CHINA)','TW','TAIWAN, PROVINCE OF CHINA[A]'),(219,'TAYIKISTÁN','TJ','TAJIKISTAN'),(220,'TANZANIA, REPÚBLICA UNIDA DE','TZ','TANZANIA, UNITED REPUBLIC OF'),(221,'TAILANDIA','TH','THAILAND'),(222,'TIMOR-LESTE','TL','TIMOR-LESTE'),(223,'TOGO','TG','TOGO'),(224,'TOKELAU','TK','TOKELAU'),(225,'TONGA','TO','TONGA'),(226,'TRINIDAD Y TABAGO','TT','TRINIDAD AND TOBAGO'),(227,'TÚNEZ','TN','TUNISIA'),(228,'TURQUÍA','TR','TURKEY'),(229,'TURKMENISTÁN','TM','TURKMENISTAN'),(230,'TURCAS Y CAICOS, (LAS) ISLAS','TC','TURKS AND CAICOS ISLANDS'),(231,'TUVALU','TV','TUVALU'),(232,'UGANDA','UG','UGANDA'),(233,'UCRANIA','UA','UKRAINE'),(234,'EMIRATOS ÁRABES UNIDOS (LOS)','AE','UNITED ARAB EMIRATES'),(235,'REINO UNIDO DE GRAN BRETAÑA E IRLANDA DEL NORTE (E','GB','UNITED KINGDOM OF GREAT BRITAIN AND NORTHERN IRELA'),(236,'ESTADOS UNIDOS DE AMÉRICA (LOS)','US','UNITED STATES OF AMERICA'),(237,'ISLAS ULTRAMARINAS MENORES DE LOS ESTADOS UNIDOS (','UM','UNITED STATES MINOR OUTLYING ISLANDS'),(238,'URUGUAY','UY','URUGUAY'),(239,'UZBEKISTÁN','UZ','UZBEKISTAN'),(240,'VANUATU','VU','VANUATU'),(241,'VENEZUELA (REPÚBLICA BOLIVARIANA DE)','VE','VENEZUELA (BOLIVARIAN REPUBLIC OF)'),(242,'VIET NAM','VN','VIET NAM'),(243,'VÍRGENES BRITÁNICAS, ISLAS','VG','VIRGIN ISLANDS (BRITISH)'),(244,'VÍRGENES DE LOS ESTADOS UNIDOS, ISLAS','VI','VIRGIN ISLANDS (U.S.)'),(245,'WALLIS Y FUTUNA','WF','WALLIS AND FUTUNA'),(246,'SAHARA OCCIDENTAL','EH','WESTERN SAHARA'),(247,'YEMEN','YE','YEMEN'),(248,'ZAMBIA','ZM','ZAMBIA'),(249,'ZIMBABWE','ZW','ZIMBABWE');
/*!40000 ALTER TABLE `Pais` ENABLE KEYS */;
UNLOCK TABLES;

--
-- Table structure for table `Provincia`
--

DROP TABLE IF EXISTS `Provincia`;
/*!40101 SET @saved_cs_client     = @@character_set_client */;
/*!50503 SET character_set_client = utf8mb4 */;
CREATE TABLE `Provincia` (
  `Prov_ID` int NOT NULL AUTO_INCREMENT,
  `Prov_Nombre` varchar(50) DEFAULT NULL,
  `Prov_CUT` int DEFAULT NULL,
  `Region_Regi_ID` int NOT NULL,
  PRIMARY KEY (`Prov_ID`),
  KEY `fk_Provincia_Region1_idx` (`Region_Regi_ID`),
  CONSTRAINT `fk_Provincia_Region1` FOREIGN KEY (`Region_Regi_ID`) REFERENCES `Region` (`Regi_ID`)
) ENGINE=InnoDB AUTO_INCREMENT=55 DEFAULT CHARSET=utf8mb3;
/*!40101 SET character_set_client = @saved_cs_client */;

--
-- Dumping data for table `Provincia`
--

LOCK TABLES `Provincia` WRITE;
/*!40000 ALTER TABLE `Provincia` DISABLE KEYS */;
INSERT INTO `Provincia` VALUES (1,'ARICA',151,1),(2,'PARINACOTA',152,1),(3,'IQUIQUE',11,2),(4,'TAMARUGAL',14,2),(5,'ANTOFAGASTA',21,3),(6,'EL LOA',22,3),(7,'TOCOPILLA',23,3),(8,'COPIAPÓ',31,4),(9,'CHAÑARAL',32,4),(10,'HUASCO',33,4),(11,'ELQUI',41,5),(12,'CHOAPA',42,5),(13,'LIMARÍ',43,5),(14,'VALPARAÍSO',51,6),(15,'ISLA DE PASCUA',52,6),(16,'LOS ANDES',53,6),(17,'PETORCA',54,5),(18,'QUILLOTA',55,6),(19,'SAN ANTONIO',56,6),(20,'SAN FELIPE',57,6),(21,'MARGA MARGA',58,6),(22,'CACHAPOAL',61,7),(23,'CARDENAL CARO',62,7),(24,'COLCHAGUA',63,7),(25,'TALCA',71,8),(26,'CAUQUENES',72,8),(27,'CURICÓ',73,8),(28,'LINARES',74,8),(29,'CONCEPCIÓN',81,9),(30,'ARAUCO',82,9),(31,'BIOBÍO',83,9),(32,'ÑUBLE',84,9),(33,'CAUTÍN',91,10),(34,'MALLECO',92,10),(35,'VALDIVIA',141,11),(36,'RANCO',142,11),(37,'LLANQUIHUE',101,12),(38,'CHILOÉ',102,12),(39,'OSORNO',103,12),(40,'PALENA',104,12),(41,'COYHAIQUE',111,13),(42,'AYSÉN',112,13),(43,'CAPITÁN PRAT',113,13),(44,'GENERAL CARRERA',114,13),(45,'MAGALLANES',121,14),(46,'ANTÁRTICA CHILENA',122,14),(47,'TIERRA DEL FUEGO',123,14),(48,'ÚLTIMA ESPERANZA',124,14),(49,'SANTIAGO',131,15),(50,'CORDILLERA',132,15),(51,'CHACABUCO',133,15),(52,'MAIPO',134,15),(53,'MELIPILLA',135,15),(54,'TALAGANTE',136,15);
/*!40000 ALTER TABLE `Provincia` ENABLE KEYS */;
UNLOCK TABLES;

--
-- Table structure for table `Region`
--

DROP TABLE IF EXISTS `Region`;
/*!40101 SET @saved_cs_client     = @@character_set_client */;
/*!50503 SET character_set_client = utf8mb4 */;
CREATE TABLE `Region` (
  `Regi_ID` int NOT NULL AUTO_INCREMENT,
  `Regi_Nombre` varchar(50) DEFAULT NULL,
  `Pais_Pais_ID` int NOT NULL,
  `Regi_CUT` int DEFAULT NULL,
  PRIMARY KEY (`Regi_ID`),
  KEY `fk_Region_Pais1_idx` (`Pais_Pais_ID`),
  CONSTRAINT `fk_Region_Pais1` FOREIGN KEY (`Pais_Pais_ID`) REFERENCES `Pais` (`Pais_ID`)
) ENGINE=InnoDB AUTO_INCREMENT=16 DEFAULT CHARSET=utf8mb3;
/*!40101 SET character_set_client = @saved_cs_client */;

--
-- Dumping data for table `Region`
--

LOCK TABLES `Region` WRITE;
/*!40000 ALTER TABLE `Region` DISABLE KEYS */;
INSERT INTO `Region` VALUES (1,'ARICA Y PARINACOTA',45,15),(2,'TARAPACÁ',45,1),(3,'ANTOFAGASTA',45,2),(4,'ATACAMA',45,3),(5,'COQUIMBO',45,4),(6,'VALPARAÍSO',45,5),(7,'OHIGGINS',45,6),(8,'MAULE',45,7),(9,'BIOBÍO',45,8),(10,'LA ARAUCANÍA',45,9),(11,'LOS RÍOS',45,14),(12,'LOS LAGOS',45,10),(13,'AYSÉN',45,11),(14,'MAGALLANES',45,12),(15,'METROPOLITANA',45,13);
/*!40000 ALTER TABLE `Region` ENABLE KEYS */;
UNLOCK TABLES;

--
-- Table structure for table `Tramite`
--

DROP TABLE IF EXISTS `Tramite`;
/*!40101 SET @saved_cs_client     = @@character_set_client */;
/*!50503 SET character_set_client = utf8mb4 */;
CREATE TABLE `Tramite` (
  `Tram_Codigo` int NOT NULL AUTO_INCREMENT,
  `Tram_Nombre` varchar(50) DEFAULT NULL,
  PRIMARY KEY (`Tram_Codigo`)
) ENGINE=InnoDB DEFAULT CHARSET=utf8mb3;
/*!40101 SET character_set_client = @saved_cs_client */;

--
-- Dumping data for table `Tramite`
--

LOCK TABLES `Tramite` WRITE;
/*!40000 ALTER TABLE `Tramite` DISABLE KEYS */;
/*!40000 ALTER TABLE `Tramite` ENABLE KEYS */;
UNLOCK TABLES;

--
-- Table structure for table `TramiteMiembro`
--

DROP TABLE IF EXISTS `TramiteMiembro`;
/*!40101 SET @saved_cs_client     = @@character_set_client */;
/*!50503 SET character_set_client = utf8mb4 */;
CREATE TABLE `TramiteMiembro` (
  `TM_ID` varchar(45) NOT NULL,
  `Tramite_Tram_Codigo` int NOT NULL,
  `Miembro_Miem_ID` int NOT NULL,
  `TM_Fecha` datetime DEFAULT NULL,
  PRIMARY KEY (`TM_ID`),
  KEY `fk_TramiteMiembro_Tramite1_idx` (`Tramite_Tram_Codigo`),
  KEY `fk_TramiteMiembro_Miembro1_idx` (`Miembro_Miem_ID`),
  CONSTRAINT `fk_TramiteMiembro_Miembro1` FOREIGN KEY (`Miembro_Miem_ID`) REFERENCES `Miembro` (`Miem_ID`),
  CONSTRAINT `fk_TramiteMiembro_Tramite1` FOREIGN KEY (`Tramite_Tram_Codigo`) REFERENCES `Tramite` (`Tram_Codigo`)
) ENGINE=InnoDB DEFAULT CHARSET=utf8mb4 COLLATE=utf8mb4_0900_ai_ci;
/*!40101 SET character_set_client = @saved_cs_client */;

--
-- Dumping data for table `TramiteMiembro`
--

LOCK TABLES `TramiteMiembro` WRITE;
/*!40000 ALTER TABLE `TramiteMiembro` DISABLE KEYS */;
/*!40000 ALTER TABLE `TramiteMiembro` ENABLE KEYS */;
UNLOCK TABLES;

--
-- Table structure for table `User`
--

DROP TABLE IF EXISTS `User`;
/*!40101 SET @saved_cs_client     = @@character_set_client */;
/*!50503 SET character_set_client = utf8mb4 */;
CREATE TABLE `User` (
  `User_ID` int NOT NULL AUTO_INCREMENT,
  `User_Email` varchar(100) NOT NULL,
  `User_Password` varchar(64) NOT NULL,
  `User_CreateTime` datetime DEFAULT CURRENT_TIMESTAMP,
  `User_1Nombre` varchar(45) DEFAULT NULL,
  `User_2Nombre` varchar(45) DEFAULT NULL,
  `User_1Apellido` varchar(45) DEFAULT NULL,
  `User_2Apellido` varchar(45) DEFAULT NULL,
  `User_RUT` varchar(45) DEFAULT NULL,
  `User_FecNac` datetime DEFAULT NULL,
  PRIMARY KEY (`User_ID`)
) ENGINE=InnoDB AUTO_INCREMENT=4 DEFAULT CHARSET=utf8mb3;
/*!40101 SET character_set_client = @saved_cs_client */;

--
-- Dumping data for table `User`
--

LOCK TABLES `User` WRITE;
/*!40000 ALTER TABLE `User` DISABLE KEYS */;
INSERT INTO `User` VALUES (1,'cbecerra@chimbarongo.cl','$2y$10$kQbxZ7iefIz1Bi1KT4yjouai1.AvtvQeikGX4fj.ZsTzsxYZAoFhK','2017-04-05 21:28:43','CARLOS','ALFREDO','BECERRA','TORRES','13000000-0','1977-11-13 00:00:00'),(3,'pp.parra.leiva@gmail.com','$2y$10$u3rAddiyDTUH0xS8RHuNf.2SAt.3eYk/KnNHGUwIh79vOaYnR8Tye','2017-06-20 02:51:55','PEPE','','PARRA','LEIVA',NULL,NULL);
/*!40000 ALTER TABLE `User` ENABLE KEYS */;
UNLOCK TABLES;

--
-- Table structure for table `UserLog`
--

DROP TABLE IF EXISTS `UserLog`;
/*!40101 SET @saved_cs_client     = @@character_set_client */;
/*!50503 SET character_set_client = utf8mb4 */;
CREATE TABLE `UserLog` (
  `UL_Fecha` datetime DEFAULT CURRENT_TIMESTAMP,
  `UL_IP` varchar(15) CHARACTER SET latin1 COLLATE latin1_swedish_ci DEFAULT NULL,
  `UL_Accion` varchar(45) CHARACTER SET latin1 COLLATE latin1_swedish_ci DEFAULT NULL,
  `UL_User` varchar(45) CHARACTER SET latin1 COLLATE latin1_swedish_ci DEFAULT NULL
) ENGINE=InnoDB DEFAULT CHARSET=utf8mb3;
/*!40101 SET character_set_client = @saved_cs_client */;

--
-- Dumping data for table `UserLog`
--

LOCK TABLES `UserLog` WRITE;
/*!40000 ALTER TABLE `UserLog` DISABLE KEYS */;
INSERT INTO `UserLog` VALUES ('2025-12-23 20:05:05','','ACCESO OK','cbecerra@chimbarongo.cl'),('2025-12-23 20:15:51','','ACCESO OK','cbecerra@chimbarongo.cl'),('2025-12-23 20:16:24','','ACCESO OK','cbecerra@chimbarongo.cl'),('2025-12-23 20:16:36','','ACCESO OK','cbecerra@chimbarongo.cl'),('2025-12-23 20:17:10','','ACCESO OK','cbecerra@chimbarongo.cl'),('2025-12-23 20:17:20','','ACCESO OK','cbecerra@chimbarongo.cl'),('2025-12-23 20:17:30','','ACCESO OK','cbecerra@chimbarongo.cl'),('2025-12-23 20:20:07','','ACCESO OK','cbecerra@chimbarongo.cl'),('2025-12-23 20:23:06','','ACCESO OK','cbecerra@chimbarongo.cl'),('2025-12-23 20:26:16','','ACCESO OK','cbecerra@chimbarongo.cl'),('2025-12-23 20:26:18','','ACCESO OK','cbecerra@chimbarongo.cl'),('2025-12-23 20:28:02','','ACCESO OK','cbecerra@chimbarongo.cl'),('2025-12-23 20:34:23','172.19.133.70','LOGOUT OK',''),('2025-12-23 20:34:58','172.19.133.70','LOGOUT OK',''),('2025-12-23 20:35:02','','ACCESO OK','cbecerra@chimbarongo.cl'),('2025-12-23 20:35:30','172.19.133.70','LOGOUT OK','CHIMBARONGO CENTRO'),('2025-12-23 20:35:32','','ACCESO OK','cbecerra@chimbarongo.cl'),('2025-12-23 20:44:08','172.19.133.70','LOGOUT OK','CHIMBARONGO CENTRO');
/*!40000 ALTER TABLE `UserLog` ENABLE KEYS */;
UNLOCK TABLES;
/*!40103 SET TIME_ZONE=@OLD_TIME_ZONE */;

/*!40101 SET SQL_MODE=@OLD_SQL_MODE */;
/*!40014 SET FOREIGN_KEY_CHECKS=@OLD_FOREIGN_KEY_CHECKS */;
/*!40014 SET UNIQUE_CHECKS=@OLD_UNIQUE_CHECKS */;
/*!40101 SET CHARACTER_SET_CLIENT=@OLD_CHARACTER_SET_CLIENT */;
/*!40101 SET CHARACTER_SET_RESULTS=@OLD_CHARACTER_SET_RESULTS */;
/*!40101 SET COLLATION_CONNECTION=@OLD_COLLATION_CONNECTION */;
/*!40111 SET SQL_NOTES=@OLD_SQL_NOTES */;

-- Dump completed on 2025-12-23 20:53:28
